{
  "xgb_accuracy": 0.9886363636363636,
  "keras_accuracy": 0.9727272727272728,
  "ensemble_accuracy": 0.9954545454545455,
  "ece": 0.02258270951834592,
  "n_classes": 22
}